タイトル・説明,URL
枚方市の天気 - Yahoo!天気・災害枚方市の天気予報。3時間ごとの天気、降水量、気温などがチェックできます。細かい地点単位の天気を知るには最適です。,https://weather.yahoo.co.jp/weather/jp/27/6200/27210.html&sa=U&ved=0ahUKEwiM7ZD7wqDdAhWwHDQIHZ5jCsQQFggYMAE&usg=AOvVaw1Du3dRqLYC5VPBX66Z8Rzk
枚方市の3時間天気 - 日本気象協会 tenki.jp枚方市の3時間ごとの天気、気温、降水量などに加え、台風情報、警報注意報を掲載。3日先までわかるからお出かけ計画に役立ちます。気象予報士が日々更新する「日直予報士」や季節を楽しむコラム「tenki.jpサプリ」などもチェックできます。,https://tenki.jp/forecast/6/30/6200/27210/3hours.html&sa=U&ved=0ahUKEwiM7ZD7wqDdAhWwHDQIHZ5jCsQQFggeMAI&usg=AOvVaw3Ng-ux-JxVfsPyOwPi6GEt
枚方市の今日明日の天気 - 日本気象協会 tenki.jp枚方市の今日明日の天気、気温、降水確率に加え、台風情報、警報注意報、観測ランキング、紫外線指数等を掲載。気象予報士が日々更新する「日直予報士」や季節を楽しむコラム「tenki.jpサプリ」などもチェックできます。,https://tenki.jp/forecast/6/30/6200/27210/&sa=U&ved=0ahUKEwiM7ZD7wqDdAhWwHDQIHZ5jCsQQFggjMAM&usg=AOvVaw3Gra3tGFbfCQNMH4Op0rUE
大阪府枚方市付近の天気 - ウェザーニュース大阪府枚方市付近の最新天気情報。よく当たる1時間毎のピンポイント天気、現在の気温や湿度、雨雲レーダー、週間天気が確認できます。都市、施設名、観光名所による検索もこちらで！,https://weathernews.jp/onebox/34.820779/135.672920/q%3D%25E5%25A4%25A7%25E9%2598%25AA%25E5%25BA%259C%25E6%259E%259A%25E6%2596%25B9%25E5%25B8%2582%26v%3D86aa99b2455c91ad82dcfeace762b3c812ee9b71acf5cbddf085fed4b5e9358f%26lang%3Dja&sa=U&ved=0ahUKEwiM7ZD7wqDdAhWwHDQIHZ5jCsQQFggoMAQ&usg=AOvVaw1-Ed_BvgtfbWJ52lDxI6vV
【一番当たる】天気予報 - ウェザーニュース今日の天気、明日の天気、週間天気予報や1時間ごと、3時間ごとに詳細な天気・気温・風向風速をご確認いただけます。その他、レーダー・ 衛星・台風・地震・ライブカメラ・ゴルフ・世界の天気・桜・花粉・紅葉…など、最新の情報をお届けします。,https://weathernews.jp/map/&sa=U&ved=0ahUKEwiM7ZD7wqDdAhWwHDQIHZ5jCsQQFggtMAU&usg=AOvVaw3aqYmnc79UJLHzI5C71sFo
気象庁 | 天気予報毎日5時・11時・17時に発表します。 また、この時間以外にも状況により随時発表します。 最新の天気予報をご利用ください。 天気予報について · 天気予報の発表区域について. 再読込ボタンかブラウザの更新ボタンをクリックして最新の情報をお使いください。,https://www.jma.go.jp/jp/yoho/&sa=U&ved=0ahUKEwiM7ZD7wqDdAhWwHDQIHZ5jCsQQFggzMAY&usg=AOvVaw00xQaxAXmVNEkibwFW7U7B
"枚方市の毎時の天気 - 日本の大阪府のAccuWeather天気予報 (JA)紫外線指数, 0, 1, 1, 2, 2, 2, 2, 1. 曇量, 91%, 91%, 90%, 89%, 93%, 96%, 100%, 100%. 湿度, 76%, 85%, 75%, 84%, 88%, 83%, 81%, 82%. 露点, 70°, 72°, 71°, 73°, 75°, 74°, 75°, 79°. 視界, 5 マイル, 4 マイル, 6 マイル, 4 マイル, 4 マイル, 4 マイル ...",https://www.accuweather.com/ja/jp/hirakata-shi/219625/hourly-weather-forecast/219625&sa=U&ved=0ahUKEwiM7ZD7wqDdAhWwHDQIHZ5jCsQQFgg4MAc&usg=AOvVaw0xA1UpzdRh5XFP1PHFNO4j
枚方市の14日間・1時間ごとのピンポイント天気 - Toshin.com 天気情報 ...枚方市の14日間・１時間ごとの天気を見ることができます。会員登録するとさらに便利な機能を使うことができます！,https://www.toshin.com/weather/detail%3Fid%3D63964&sa=U&ved=0ahUKEwiM7ZD7wqDdAhWwHDQIHZ5jCsQQFgg9MAg&usg=AOvVaw1pCW_vm69L1RmsvkLZT4lY
お天気キャスター解説 9月4日(火)の天気 - YouTubeNTTドコモのスマートフォン向けポータルサイト「dメニュー(dmenu)」は「スマホ・ライフ」を楽しむための幅広く魅力的なコンテンツを豊富に用意しています。,https://www.youtube.com/watch%3Fv%3D2qM-6L3oc0Q&sa=U&ved=0ahUKEwiM7ZD7wqDdAhWwHDQIHZ5jCsQQtwIIQzAJ&usg=AOvVaw2N9uFZavCBWc53Z4vzLVZw
"天気 | dメニュー今日の天気：図, 全国 | 中部-近畿. あすの天気：図, 全国 | 中部-近畿. 予想最高気温：図, 全国 | 中部-近畿. 予想最低気温：図, 全国 | 中部-近畿. 実況天気図, 大 | 過去１日. 予想天気図, 今夜 | 明日| 一覧 ...",https://weather.smt.docomo.ne.jp/&sa=U&ved=0ahUKEwiM7ZD7wqDdAhWwHDQIHZ5jCsQQFghGMAo&usg=AOvVaw1p_3rsxVOs5z_zJN-1xOOp
"hicbc.com：CBC気象情報全国の天気をお伝えします。 ... 32℃/ 24℃. 鹿児島, 晴時々雨 32℃/ ---, 晴 34℃/ 25℃. 那覇, 曇時々雨 30℃/ ---, 曇一時雨 30℃/ 26℃. 衛星画像 · 天気図. 特別警報 警報 注意報 … 2018年9月04日 8時32分発表. 北海道 · 道北 · 注意報 ｜; 道東 · 注意報 ...",https://hicbc.com/weather/&sa=U&ved=0ahUKEwiM7ZD7wqDdAhWwHDQIHZ5jCsQQFghMMAs&usg=AOvVaw0QzjeONF3rwST4QB3lbVK9
天気：読売新聞(YOMIURI ONLINE)ページ内目次. 北海道の天気; 天気メニュー; 地域別. 北海道の天気. 3時間毎の予報 28日 16:10 更新. 札幌地域設定. 29(水)6時. 17℃. 薄曇り. 9時. 19℃. くもり. 12時. 21℃. 薄曇り. 15時. 21℃. 薄曇り. 18時. 19℃. くもり. 21時. 18℃. 29日の最低：17℃29日 ...,https://www.yomiuri.co.jp/weather/&sa=U&ved=0ahUKEwiM7ZD7wqDdAhWwHDQIHZ5jCsQQFghSMAw&usg=AOvVaw3MNTbrMQQcc9L4zn8Wu1sP
天気 ｜ STV全国の天気予報・週間天気予報が簡単にチェックできます.,http://www.stv.jp/weather/index.html&sa=U&ved=0ahUKEwiM7ZD7wqDdAhWwHDQIHZ5jCsQQFghXMA0&usg=AOvVaw1X6esoZ_2XlJIrw8wARIDw
天気予報コム大阪市」や「福岡市」など市区町村まで入力してください。 どーもくん天気メニュー. わたしの天気 · 風と波 · 地域の天気 · 全国の天気 · 気象レーダー · 使い方 · サイトトップへ. ページトップへ. 日本放送協会. Copyright NHK?(Japan Broadcasting Corporation)?,http://www.tenki-yoho.com/&sa=U&ved=0ahUKEwiM7ZD7wqDdAhWwHDQIHZ5jCsQQFghdMA4&usg=AOvVaw38WszJAdkvbJyRrWj3swIY
NHKどーもくん天気 - NHKオンライン各地の天気予報・ピンポイント天気・週間天気・地震情報・台風情報をお伝えします。ゴルフ場、スキー場、釣り場、レジャー施設の天気予報や、紫外線、花粉、桜の開花、紅葉など季節の情報もお届けします。,https://www.nhk.or.jp/weather2/sp2/searchtop.html&sa=U&ved=0ahUKEwiM7ZD7wqDdAhWwHDQIHZ5jCsQQFghiMA8&usg=AOvVaw0rjEF8v98DMt8u6wPyNs9S
goo天気 - 天気予報 / 防災情報非常に強い台風２１号が四国沖へ進み、湿った空気が流れ込んでいるため、広島県は沿岸部から雨の所が多くなっています。 きょうは、台風２１号が、昼ごろには西日本へ上陸し、夜は日本海へ進むでしょう。 台風へ吹き込む湿った空気の影響で、広島県は雨が ...,https://weather.goo.ne.jp/&sa=U&ved=0ahUKEwiM7ZD7wqDdAhWwHDQIHZ5jCsQQFghoMBA&usg=AOvVaw0-8HNek6PqCnnRW14Gt7-W
TSS天気予報日本気象学会機関誌「天気」 (TENKI). tenki_hyoushi.jpg. 「天気」は日本気象学会の機関誌で、年12回発行されます。 これまでの掲載記事は、検索ページよりオンラインで読むことができます(最新号は雑誌発刊後約2ヶ月でWEBに掲載されます)。,http://www.tss-tv.co.jp/tenki/&sa=U&ved=0ahUKEwiM7ZD7wqDdAhWwHDQIHZ5jCsQQFghuMBE&usg=AOvVaw2orAWYWPlfW0xZ7dlRd17i
TopPage - 日本気象学会機関誌「天気」エリア独自予報. エリア予報（県北部） · 明日の天気. 明日の天気 · 週間天気予報. 週間天気予報（鹿児島県内） · 降灰予報(桜島) · 降灰予報(新燃岳). 降灰予報(新燃岳) · 予想気温. 気温（予想・現況） · 洗濯・熱中症・紫外線情報. 生活情報 · アメダス天気と気温.,https://www.metsoc.jp/tenki/&sa=U&ved=0ahUKEwiM7ZD7wqDdAhWwHDQIHZ5jCsQQFgh0MBI&usg=AOvVaw3dJTsPxbRQkokQwINVDETi
天気・気象情報｜MBC南日本放送（鹿児島）【ANA公式サイト】就航地天気情報（日本）。地域を選択して、天気情報を確認することができます。サイトに関するお問い合わせやヘルプ、各種約款についてご案内しております。旅の計画・準備はANAのホームページで。,https://www.mbc.co.jp/weather/&sa=U&ved=0ahUKEwiM7ZD7wqDdAhWwHDQIHZ5jCsQQFgh5MBM&usg=AOvVaw0fFOzppqYzVIlFQotjBIRn
就航地天気情報（日本） | ANA天気予報のページです。全国各都市の1週間の天気と、天気図、雨雲の様子、台風情報、地震情報、さらに世界・ゴルフ場の天気、スキー場・紅葉・桜・花粉の情報を提供しています。,https://www.ana.co.jp/ja/jp/weather/japan.html&sa=U&ved=0ahUKEwiM7ZD7wqDdAhWwHDQIHZ5jCsQQFgh-MBQ&usg=AOvVaw1l70neFLORvZOdmVpFqgUZ
"天気予報：朝日新聞デジタルInternational Meteorological & Oceanographic Consultants Co,.Ltd. MENU. トップページTop · 気象情報Weather Forecast · 業務案内Our Business · 会社案内About Us · お問い合わせContact · 旧トップページOld. 日本; 南日本. 4日(火)0〜3時; 4日( ...",http://weather.asahi.com/&sa=U&ved=0ahUKEwiM7ZD7wqDdAhWwHDQIHZ5jCsQQFgiEATAV&usg=AOvVaw0PWhKrKMwShUlHpsNcprMm
卓越天気 - 国際気象海洋サニースポット。天気・気象情報サイト入り口です。 ... 天気図. 天気図｜ 週間天気図｜ 週間波浪図 · 太陽光発電量推算 · 気象予報士試験スクール・講座 · 気象予報士の資格取得を一生懸命応援するサイト · 気象業務請負、気象予報士派遣、気象予報士 ...,https://www.imocwx.com/guid.php%3FType%3D0&sa=U&ved=0ahUKEwiM7ZD7wqDdAhWwHDQIHZ5jCsQQFgiKATAW&usg=AOvVaw25APyylxgZbAhYqTpE_NVp
週間天気図 - Sunny Spot 天気・気象情報サイト!気象庁が発表する都道府県単位の天気予報です。通常は毎日05時、11時、17時の1日3回発表されますが、予報の訂正や修正が行われる場合は、この時間以外にも発表されることがあります。この予報にはきょう〜あす〜あさっての短期予報と7日先までの ...,https://www.sunny-spot.net/chart/week.html&sa=U&ved=0ahUKEwiM7ZD7wqDdAhWwHDQIHZ5jCsQQFgiPATAX&usg=AOvVaw2aXYk7j3iERzZs-i--82Lf
天気予報 | バイオウェザーサービス2017年9月4日 ... 今日・明日の天気予報、ピンポイント天気や週間天気予報、天気図、警報注意報、地震・台風情報、肌荒れ・洗濯などの生活指数や世界の天気を配信します.,http://www.bioweather.net/forecast/select_pref&sa=U&ved=0ahUKEwiM7ZD7wqDdAhWwHDQIHZ5jCsQQFgiUATAY&usg=AOvVaw3yEgZjwp-56hjTnJlashp7
"エキサイト天気予報 |今日・明日・週間天気予報スーパーコンピュータが予測する高解像度の天気予報. 地図上に5kmメッシュの詳細天気予報や予報の信頼度を図示. 最長10日先まで予測. 雨雪判別, 台風と低気圧進路, 気圧・風向・風速・雨量・雲量・気温・湿度・沿岸波浪予報.",http://weather.excite.co.jp/&sa=U&ved=0ahUKEwiM7ZD7wqDdAhWwHDQIHZ5jCsQQFgiZATAZ&usg=AOvVaw1YQr-0wvi2VqZ0J9_iS8V5
GPV 気象予報地球の天気状況がビジュアライズ.,http://weather-gpv.info/&sa=U&ved=0ahUKEwiM7ZD7wqDdAhWwHDQIHZ5jCsQQFgifATAa&usg=AOvVaw1E-_BkP_hKLNxNVSwUech3
earth :: 地球の風、天気、海の状況地図全国レジャースポットの詳しい天気予報を掲載。現在の天気を知りたいときにも便利です。,https://earth.nullschool.net/jp/&sa=U&ved=0ahUKEwiM7ZD7wqDdAhWwHDQIHZ5jCsQQFgilATAb&usg=AOvVaw1LBlC3D_5hdByjcWAdh8m5
関東・甲信 高原・山の天気 - てんきとくらす [天気と生活情報]最新の天気予報。全国の今日・明日の天気、気温などの気象予報を提供。,https://tenkura.n-kishou.co.jp/tk/kanko/kasel.html%3Fba%3Dkk%26type%3D15&sa=U&ved=0ahUKEwiM7ZD7wqDdAhWwHDQIHZ5jCsQQFgirATAc&usg=AOvVaw0XFB1Vn5Ei1agazV-M74_w
今日・明日の天気、気温｜@nifty天気予報ウェザーマップの天気予報。全国の時系列予報、10日予報が見られます。名物「ひとくち予報」も.,https://weather.nifty.com/&sa=U&ved=0ahUKEwiM7ZD7wqDdAhWwHDQIHZ5jCsQQFgixATAd&usg=AOvVaw1wXNOX2NIwSu4q72nhYHcq
ウェザーマップの天気予報全国の天気予報、天気図、ピンポイント天気、週間天気、警報・注意報、台風情報、世界の天気などをお届けします。桜、紅葉、花粉や、マリン、ゲレンデの最新情報もお届けします。,https://www.weathermap.co.jp/forecast/&sa=U&ved=0ahUKEwiM7ZD7wqDdAhWwHDQIHZ5jCsQQFgi3ATAe&usg=AOvVaw03wuWJ4ltQ4ioSgu2Vn3gl
天気 | So-net3 日前 ... 猛烈な台風２１号は１日、フィリピンの東の太平洋上を西寄りに進んだ。今後は次第にコースを北寄りに変えて４日には西日本に近づき、その後は上陸して本州を縦断する恐れが出てきた。南西諸島や小笠原諸島の周辺海域では台風接近の ...,https://www.so-net.ne.jp/weather/&sa=U&ved=0ahUKEwiM7ZD7wqDdAhWwHDQIHZ5jCsQQFgi8ATAf&usg=AOvVaw3i5xtqfuwan9xfHXLhcmec
"天気：猛烈な台風21号、本州縦断も - 毎日新聞天気を知りたい地域を設定すると、常にトップページに表示されます。 設定する. 日付, 今日(08月29日), 明日(08月30日). 時刻, 0, 3, 6, 9, 12, 15, 18, 21, 0, 3, 6, 9, 12, 15, 18, 21. 天気. 気温（℃）, -, -, -, -, -, -, 28, 27, 26, 26, 25, 29, 32, 33, 30, 29 ...",https://mainichi.jp/articles/20180901/k00/00e/040/216000c&sa=U&ved=0ahUKEwiM7ZD7wqDdAhWwHDQIHZ5jCsQQFgjBATAg&usg=AOvVaw1vaKHYz0jsLHq7WwfjFyH8
"WeatherEye - お天気ポータルサイト -天気情報 ... 各地の天気, モスクワ · ストックホルム · ヘルシンキ · コペンハーゲン · アムステルダム · ロンドン · パリ · ベルリン · デュッセルドルフ · フランクフルト · ハンブルグ · ミュンヘン · ジュネーブ · チューリッヒ · ミラノ · ローマ · バルセロナ · マドリード ...",http://www.weather-eye.com/&sa=U&ved=0ahUKEwiM7ZD7wqDdAhWwHDQIHZ5jCsQQFgjEATAh&usg=AOvVaw3A_xPz6gHlwWgsy2o6BGua
JAL-天気情報台風１９号と台風２０号から変わる低気圧が、北海道付近に停滞する前線上を次々に進む。 このため、北海道は雷を伴った激しい雨が降り、広い範囲で大雨となる。 低い土地の浸水や土砂災害、川の増水や氾濫に警戒を。 そのほかの各地も、南から暖かく湿っ ...,http://weather.jal.co.jp/&sa=U&ved=0ahUKEwiM7ZD7wqDdAhWwHDQIHZ5jCsQQFgjKATAi&usg=AOvVaw0tiEm8wbfarmWaZ6PyCFK5
みんなの天気予報TBSテレビの「お天気ガイド」は天気予報はもちろん、台風情報や紫外線情報まで多岐にわたる天気情報が満載のTBSの天気サイトです。,https://tenki.lbw.jp/&sa=U&ved=0ahUKEwiM7ZD7wqDdAhWwHDQIHZ5jCsQQFgjQATAj&usg=AOvVaw1SJnCjR12JQdp4JhSmfgk8
お天気ガイド｜TBSテレビ 〜天気予報から台風・紫外線情報まで天気情報ならライフレンジャー天気。今日や明日の天気、地域ごとの予報や、降水確率・積雪の予報など、気になる天気の最新情報を配信.,http://www.tbs.co.jp/weather/&sa=U&ved=0ahUKEwiM7ZD7wqDdAhWwHDQIHZ5jCsQQFgjWATAk&usg=AOvVaw0VidQugC5iXfF4KytRVYba
"天気情報｜ライフレンジャー天気天気予報や台風,地震,警報などの防災情報や花粉・桜の開花・梅雨・花火・紅葉・イルミネーション情報などの季節情報や星座や流星群などの天体情報を提供する気象情報サイト。ピンポイント天気予報や地震の震度速報,台風情報,警報注意報など気象情報が ...",http://tenki.life-ranger.jp/&sa=U&ved=0ahUKEwiM7ZD7wqDdAhWwHDQIHZ5jCsQQFgjcATAl&usg=AOvVaw2_r2OtQHhAC22WnY0QmOH9
"近畿大学 on Twitter: ""Mステ後の天気予報を見た人に見て欲しい完全版 ...シンプルに徹した構成で、「短い時間で伝わりやすく」をモットーにした天気予報. 続きを見る · 株式会社ジェイアール東日本企画 様. デジタルサイネージ. 暮らしに密着した気象情報と指数情報で注目を集めるデジタルサイネージコンテンツ. 株式会社ジェイアール ...",https://twitter.com/kinkidaigakuPR/status/1035498535376932864&sa=U&ved=0ahUKEwiM7ZD7wqDdAhWwHDQIHZ5jCsQQtwII4wEwJg&usg=AOvVaw27H2vbJpc99GSykYvVTNGN
"天気・地震・警報のお天気JAPAN｜天気予報や防災情報を提供する気象 ...スマホ対応。レスポンシブ。開田高原のペンション。開田高原MIAスキー場。スノーシューツアー。木曽御嶽山。開田高原スノーシュー。きそふくしまスキー場。開田高原,。リフト券割引。御嶽2240スキー場。チャオおんたけスノーリゾート。無線LAN。バックカントリー ...",http://www.otenki.jp/&sa=U&ved=0ahUKEwiM7ZD7wqDdAhWwHDQIHZ5jCsQQFgjmATAn&usg=AOvVaw00XwPCdmgory21CwJDxJ1f
日本気象協会情報通信研究機構宇宙天気予報センターからの最新の宇宙天気情報と今後の予報を配信するサイトです。,https://www.jwa.or.jp/&sa=U&ved=0ahUKEwiM7ZD7wqDdAhWwHDQIHZ5jCsQQFgjsATAo&usg=AOvVaw2Ca-zAbcQYxQCNJWtxEZWx
木曽御嶽開田高原のペンション「ロッジ上天気」公式ページ。開田高原の ...全国の今日・明日の3時間ごとの天気予報と週間天気予報。最高気温・最低気温や、降水確率・風向き・風速を行き先の住所や目的地のスポットから調べることができます。紫外線、洗濯指数、肌荒れ指数などの生活指数、警報・注意報、雨雲レーダーを利用し ...,http://www.jotenki.com/&sa=U&ved=0ahUKEwiM7ZD7wqDdAhWwHDQIHZ5jCsQQFgjyATAp&usg=AOvVaw0rkgi6hj-Xw7eXo9tGTWg9
"ホーム | 宇宙天気予報センター週間予報, 8/29 （水）, 8/30 （木）, 8/31 （金）, 9/1 （土）, 9/2 （日）, 9/3 （月）, 9/4 （火）. 天気. くもり後晴れ. 晴れ時々くもり. くもり後雨. くもり時々雨. くもり. くもり. くもり. 予想気温. （最高/最低）. 35℃. 26℃. 35℃. 25℃. 32℃. 25℃. 28℃. 23℃. 33℃. 23℃. 31℃.",http://swc.nict.go.jp/&sa=U&ved=0ahUKEwiM7ZD7wqDdAhWwHDQIHZ5jCsQQFgj3ATAq&usg=AOvVaw1M7zec_DPjQ1Ibb2MXV9QX
全国の天気予報｜マピオン天気予報御殿山(駅/大阪府枚方市御殿山町)周辺の天気予報。今日の天気、明日の天気、週間天気、気温、降水確率、降水量、湿度、警報、注意報といった様々な情報をピンポイントで確認できます。,https://www.mapion.co.jp/weather/&sa=U&ved=0ahUKEwiM7ZD7wqDdAhWwHDQIHZ5jCsQQFgj9ATAr&usg=AOvVaw1Z8-gcRHtaTtqTz6g5sU8u
"天気:晴れ天気予報 番組公式サイト. 放送時間: 11:56〜12:00 放送日: 2018/09/08. radiko.jpで聴く ※radiko.jpの配信エリア内でのみ聴く事ができます。 放送局情報. 熊本放送. コールサイン, ＪＯＢＦ. 開局日, 1953年10月01日. 演奏所, 熊本県熊本市中央区山崎町30.",http://www.centrair.jp/system_include/week_weather/jp/NGO.html%3F1408699387113&sa=U&ved=0ahUKEwiM7ZD7wqDdAhWwHDQIHZ5jCsQQFgiCAjAs&usg=AOvVaw0fPn25ltpx8UKD5t416W4X
"御殿山(駅/大阪府枚方市御殿山町)周辺の天気 - NAVITIME51 分前 ... ニュース・天気予報 番組公式サイト. 放送時間: 09:55〜10:00 放送日: 2018/09/04. radiko.jpで聴く ※radiko.jpの配信エリア内でのみ聴く事ができます。 放送局情報. rfcラジオ福島. コールサイン, JOWR. 開局日, 1953年12月01日. 演奏所 ...",https://www.navitime.co.jp/weather/poi%3Fid%3D00002298&sa=U&ved=0ahUKEwiM7ZD7wqDdAhWwHDQIHZ5jCsQQFgiIAjAt&usg=AOvVaw02z9tZy7dEWrI7Gb46dqkk
天気と気象がよくわかる本 - Google ブック検索結果ここでご紹介する天気図は日常ではあまり見慣れないものばかりです。なぜなら気象庁や民間の気象会社が毎日の天気予報をつくるためもとにしている、プロ仕様の天気図だからです。私たちウェザーセンターの気象予報士もこれらの天気図をもとに皆様に ...,https://books.google.co.jp/books?id=5dkzDwAAQBAJ&pg=PA144&lpg=PA144&dq=%E5%A4%A9%E6%B0%97&source=bl&ots=YIXTH06HK7&sig=NVUcgmuYdkjALyirVFrlUv9UTws&hl=ja&sa=X&ved=0ahUKEwiM7ZD7wqDdAhWwHDQIHZ5jCsQQ6AEIjQIwLg
図解入門最新天気図の読み方がよーくわかる本:  - Google ブック検索結果15 時間前 ... 特徴は風の強さとスピードの速さで、台風の接近に伴って天気が急変する恐れもある。 気象庁によると、台風は海面水温が高い海域の上空を通ることで発達。台風２１号の予想進路は２７度以上と比較的高い海域のため、勢力を維持するとみ ...,https://books.google.co.jp/books?id=GxsMDrVmOrcC&pg=PA93&lpg=PA93&dq=%E5%A4%A9%E6%B0%97&source=bl&ots=V1Sh2YV7ke&sig=dMX7ECCwIXrhbZp0vJGpzJR8CnQ&hl=ja&sa=X&ved=0ahUKEwiM7ZD7wqDdAhWwHDQIHZ5jCsQQ6AEIkAIwLw
天気痛を治せば頭痛、めまい、ストレスがなくなる！ - Google ブック検索結果The content page of Hong Kong Observatory website.,https://books.google.co.jp/books?id=rY0lDwAAQBAJ&pg=PT22&lpg=PT22&dq=%E5%A4%A9%E6%B0%97&source=bl&ots=MjKhTPGqqx&sig=q-XPocH-wxtIjKq5Q2fxDwD8bmY&hl=ja&sa=X&ved=0ahUKEwiM7ZD7wqDdAhWwHDQIHZ5jCsQQ6AEIkwIwMA
気象・天気の新事実 - Google ブック検索結果2018年6月18日 ... 快晴！待ちに待った修学旅行に絶好の天気です。 とても嬉しそうな笑顔いっぱいの表情で、出発しました。 まずは、バスの旅に出発です。 たくさんの先生や後輩たちが見送りました。 新大阪駅に着きました。楽しみの一つの新幹線で、広島へ！,https://books.google.co.jp/books?id=fq-yDQAAQBAJ&pg=PA108&lpg=PA108&dq=%E5%A4%A9%E6%B0%97&source=bl&ots=6gjD7B7e6L&sig=3-UBRB77nCsP0lbNbI6Hwr65ckg&hl=ja&sa=X&ved=0ahUKEwiM7ZD7wqDdAhWwHDQIHZ5jCsQQ6AEIlgIwMQ
