タイトル・説明,URL
索引 - 動物図鑑 - Weblio 生物 - Weblio辞書どうぶつ図鑑の索引。例えば、アイアイ、アオダイショウ、アカアシガメ、アカカンガルー、アカクビワラビー、アカゲザル、アカゲラ、アカシュモクザメ、アカスジキンカメムシ、アカダイショウ、などの用語があります。,https://www.weblio.jp/category/nature/zndzk&sa=U&ved=0ahUKEwiKjqzPsK7dAhUBv7wKHcf-AWMQFggUMAA&usg=AOvVaw1n2faP4uoNkGJdPxHJ--Se
"生物のカテゴリ一覧 - WikipediaCategory:生物以下の主要なカテゴリ。 目次. 1 関連する目次・一覧; 2 一般項目の50音順目次. 2.1 あ行; 2.2 か行; 2.3 さ行; 2.4 た行; 2.5 な行; 2.6 は行; 2.7 ま行; 2.8 や行; 2.9 ら行; 2.10 わ行; 2.11 A-Z,0-9. 3 生物名・類・科・目の50音順目次. 3.1 あ行; 3.2 ...",https://ja.wikipedia.org/wiki/%25E7%2594%259F%25E7%2589%25A9%25E3%2581%25AE%25E3%2582%25AB%25E3%2583%2586%25E3%2582%25B4%25E3%2583%25AA%25E4%25B8%2580%25E8%25A6%25A7&sa=U&ved=0ahUKEwiKjqzPsK7dAhUBv7wKHcf-AWMQFggeMAE&usg=AOvVaw1DcP2Y9peZRVFKn2YXbX-m
伝説の生物一覧 - Wikipedia伝説の生物一覧（でんせつのせいぶついちらん）は、神話や伝説などで、伝承される主だった生物、種族、精霊などを一括表記するページである。 ここに表示する各節（セクション〈 # 〉）の分類名は、体系的規則性と相容れない性質の、本質的に混沌（カオス）で ...,https://ja.wikipedia.org/wiki/%25E4%25BC%259D%25E8%25AA%25AC%25E3%2581%25AE%25E7%2594%259F%25E7%2589%25A9%25E4%25B8%2580%25E8%25A6%25A7&sa=U&ved=0ahUKEwiKjqzPsK7dAhUBv7wKHcf-AWMQFggnMAI&usg=AOvVaw1ECP-WWxeBaPamKz9w5Qdw
絶滅した動物一覧 - Wikipedia絶滅した動物一覧（ぜつめつしたどうぶついちらん、List of extinct animals）は、地球上から絶滅した動物のリストである。野生個体の絶滅である「野生絶滅」も扱う。 目次. 1 先カンブリア時代; 2 古生代. 2.1 カンブリア紀; 2.2 オルドビス紀・シルル紀; 2.3 デボン紀 ...,https://ja.wikipedia.org/wiki/%25E7%25B5%25B6%25E6%25BB%2585%25E3%2581%2597%25E3%2581%259F%25E5%258B%2595%25E7%2589%25A9%25E4%25B8%2580%25E8%25A6%25A7&sa=U&ved=0ahUKEwiKjqzPsK7dAhUBv7wKHcf-AWMQFggyMAM&usg=AOvVaw0bVTis78oD41RiazDAj5mT
"【MHW】環境生物：全種類一覧【調査】 - MHW調査員Aの調査記録2018年3月13日 ... MHW環境生物の全種類、生態研究所&ハンターノート「モンスター図鑑」並び順一覧 →MHW環境生物レア系一覧はこちら [陸棲の生物] ヨリミチウサギ／古(1,2,8,11,15)蟻(1,2,4) ミチビキウサギ／古(1,2,8,11,15)蟻(1,2,4) モリゲッコー／古(2 ...",http://monsterhunteraaa.hatenablog.com/entry/2018/03/13/051627&sa=U&ved=0ahUKEwiKjqzPsK7dAhUBv7wKHcf-AWMQFgg4MAQ&usg=AOvVaw0b1Kp85_lSqxt8Gx5nC6rB
特定外来生物一覧特定外来生物一覧. 時期. 種類数 分類群. 種. 名. 公布：平成 17 年４月 27 日. 施行：平成 17 年６月１日. １科. ２属. 39 種. (42 種類）. 哺乳類. (11 種). フクロギツネ、タイワンザル、カニクイザル、アカゲザル、. ヌートリア、クリハラリス、トウブハイイロリス、カニク.,https://www.env.go.jp/nature/intro/2outline/files/siteisyu_list2.pdf&sa=U&ved=0ahUKEwiKjqzPsK7dAhUBv7wKHcf-AWMQFgg-MAU&usg=AOvVaw3OPFpv8HT92JYwAgLji4ao
生物一覧TOP · 営業・料金案内 · 予約状況 · スタッフ紹介 · 生物一覧 · 羅臼の 流氷ﾀﾞｲﾋﾞﾝｸﾞとは？ 事故を未然に 防ぐには？ アクセス · 海日記 ｂｌｏｇ · 掲示板. 生物一覧. カジカの仲間 · ダンゴウオの仲間 · トクビレの仲間 · カレイの仲間 · ギンポの仲間 · カサゴ目の仲間 ...,http://www.aurens.or.jp/~sdiving/sub4.html&sa=U&ved=0ahUKEwiKjqzPsK7dAhUBv7wKHcf-AWMQFghEMAY&usg=AOvVaw06gcmLpE67UPY7nElouMzW
"生物　一覧 の画像検索結果2013年7月17日 ... その他の生物 · 文献. ※本リストは，日本生態学会 (編) (2002) 参考資料 日本の外来種リスト. pp. 298--361，外来種ハンドブック. 地人書館, 東京 をベースとして，他の資料の情報を追加して作成したものです．日本国内に定着しているもの， ...",/search?q=%E7%94%9F%E7%89%A9%E3%80%80%E4%B8%80%E8%A6%A7&num=100&ie=UTF-8&prmd=ivns&tbm=isch&tbo=u&source=univ&sa=X&ved=0ahUKEwiKjqzPsK7dAhUBv7wKHcf-AWMQsAQISQ
日本の外来種全種リスト − 侵入生物データベース - 国立環境研究所水生生物一覧. ここでは、水生生物調査において、子供達といっしょに捕まえた貴重な生物の一覧を表示します。 モクズガニ 淡水で捕れる日本最大のカニ。河口付近の海から山奥の渓流まで生活範囲は広い。普段は川に生息するが、繁殖期になると海へ下る。,https://www.nies.go.jp/biodiversity/invasive/resources/listja_toc.html&sa=U&ved=0ahUKEwiKjqzPsK7dAhUBv7wKHcf-AWMQFghVMAw&usg=AOvVaw2vrkREgye7x9-KI08pPfwj
水生生物一覧／京都府ホームページ人工干潟の水生生物. 阪南2区HPへ; ちきりアイランドの野鳥HPへ · ホーム · 定住種・魚類 · 定住種・甲殻類 · 定住種・軟体類 · 定住種・その他 · 来遊種・魚類 · 来遊種・甲殻類 · 水生生物一覧 · index.html ＞ 水生生物一覧. 定住種魚類. 定住種甲殻類.,http://www.pref.kyoto.jp/tango/ho-tango/1227154348551.html&sa=U&ved=0ahUKEwiKjqzPsK7dAhUBv7wKHcf-AWMQFghcMA0&usg=AOvVaw0O0MkRLc8UrXp-39FepC9T
水生生物一覧 ちきりアイランドの水生生物 - 大阪府都市整備推進センター2018年8月24日 ... 【Game8】モンハンワールド(MHW)の環境生物の一覧です。環境生物の出現場所や捕まえられる環境生物を掲載しています。古代樹の森、大蟻塚の荒地、陸珊瑚の台地、瘴気の谷、龍結晶の地の環境生物の場所を知りたい方は、ぜひ参考 ...,http://www.toshiseibi.org/suisei/list.html&sa=U&ved=0ahUKEwiKjqzPsK7dAhUBv7wKHcf-AWMQFghhMA4&usg=AOvVaw3lOoQTTL_Un4AgoM1pJblN
【モンハンワールド】環境生物一覧と出現エリア【MHW】｜ゲームエイトモンハンワールド(MHW)の環境生物と出現場所を一覧にしています。環境生物は捕獲ネットでとらえた後、マイハウスで飼うことが可能です。出現確率が極めて低いレアな環境生物も記載しているので、モンスターハンターワールドで環境生物を捕まえる参考にし ...,https://game8.jp/mhw/185180&sa=U&ved=0ahUKEwiKjqzPsK7dAhUBv7wKHcf-AWMQFghmMA8&usg=AOvVaw125hhpiLkAaTOwU57E_B_0
【モンハンワールド】環境生物一覧と生息場所【MHW】 - アルテマ地方独立行政法人大阪府立環境農林水産総合研究所のサイトです。大阪府の農業、畜産業、漁業や水生生物に関する研究や、環境中の様々な物質のモニタリングに関する情報、当研究所が対応可能な技術支援内容などを紹介しています。,https://altema.jp/mhw/kankyoseibutsu&sa=U&ved=0ahUKEwiKjqzPsK7dAhUBv7wKHcf-AWMQFghsMBA&usg=AOvVaw2sVOJtEH61_LmiqaFQoiTn
画像一覧 ｜ 大阪府の外来生物 ｜ 図鑑 ｜ 大阪府立環境農林水産総合 ...指標生物--すんでいる生きものの種類で川のきれいさが分かる. メニュー. きれいな水(水質階級1)の生物一覧. きれいな水. 水は透明で、川底まで見え、みなさんが ... 少しきたない水（水質階級2）の生物一覧. 少しきたない水. 周りには田んぼがあって、水がやや ...,http://www.kannousuiken-osaka.or.jp/zukan/zukan_database/sonota/list.html&sa=U&ved=0ahUKEwiKjqzPsK7dAhUBv7wKHcf-AWMQFghxMBE&usg=AOvVaw1IKKiA6-zQCzeoG89rQDd7
こどもひろば/川の生きものを調べよう-水生生物調査-/指標生物【岩手 ...CT生物図鑑はさまざまな生物をCTスキャンによってデータ化しており、ウェブサイト上で360度自由に動かすことができます。また内部構造を捉えた断面画像なども掲載するなど、普段とは違った視点から生物を観察できるサイトを目指しています。一部の3D ...,http://www.thr.mlit.go.jp/iwate/kodomo/kawanoikimono/seibutu/index.htm&sa=U&ved=0ahUKEwiKjqzPsK7dAhUBv7wKHcf-AWMQFgh3MBI&usg=AOvVaw16kjwQIS3cYEVrC3eQyVmT
"CT生物図鑑Amazonで若林 香織, 田中 祐志, 阿部 秀樹の美しい海の浮遊生物図鑑。アマゾンならポイント還元本が多数。若林 香織, 田中 祐志, 阿部 秀樹作品ほか、お急ぎ便対象商品は当日お届けも可能。また美しい海の浮遊生物図鑑もアマゾン配送商品なら通常配送 ...",https://ctseibutsu.jp/&sa=U&ved=0ahUKEwiKjqzPsK7dAhUBv7wKHcf-AWMQFgh9MBM&usg=AOvVaw19YEpPyP-uB-RdM8rxnX2y
"美しい海の浮遊生物図鑑 | 若林 香織, 田中 祐志, 阿部 秀樹 |本 | 通販 ...生態行動に基づいた特徴を表現した、生物解説書付き立体フィギュア生物図鑑.",https://www.amazon.co.jp/%25E7%25BE%258E%25E3%2581%2597%25E3%2581%2584%25E6%25B5%25B7%25E3%2581%25AE%25E6%25B5%25AE%25E9%2581%258A%25E7%2594%259F%25E7%2589%25A9%25E5%259B%25B3%25E9%2591%2591-%25E8%258B%25A5%25E6%259E%2597-%25E9%25A6%2599%25E7%25B9%2594/dp/4829972211&sa=U&ved=0ahUKEwiKjqzPsK7dAhUBv7wKHcf-AWMQFgiDATAU&usg=AOvVaw3lkiN5WjlCdk7xDntyLU7Y
動物 生物 立体図鑑リアルフィギュアボックス カロラータ オンラインショップ生物学を学べる専門学校を126校掲載中。エリア、定員数、学費、学校の特長で自分に合った ...,https://www.colorata.com/fs/colorata/c/figurebox/&sa=U&ved=0ahUKEwiKjqzPsK7dAhUBv7wKHcf-AWMQFgiIATAV&usg=AOvVaw3RGL5h7_pdwfbIP0kx5sVs
生物学を学べる専門学校一覧（126校）【スタディサプリ 進路】「日本の大学」で紹介する、学問系統 生物学を学べる全国の大学一覧その1です。「日本の大学」はナレッジステーションの大学案内です。,https://shingakunet.com/gakumon-search/shiko_jd010/gakumon_j1010/%3FkoshuCategoryMCd%3D21&sa=U&ved=0ahUKEwiKjqzPsK7dAhUBv7wKHcf-AWMQFgiNATAW&usg=AOvVaw3aVkd6H1sdoYI_2GSDo1-k
生物学｜日本の大学｜検索結果一覧-1 - ナレッジステーション生物多様性評価地図一覧. 生物多様性の状態に関わる地図. １ 国土を特徴づける自然生態系を有する地域（森林・陸水・沿岸） · ２ 小規模で ... 生物多様性の危機の状況を示す地図. 10 減少要因別の絶滅危惧種の確認種数（危機の地図化） · 11−１ 過去の ...,https://www.gakkou.net/daigaku/src/%3Fgkm%3D03008%26srcmode%3Dgkm&sa=U&ved=0ahUKEwiKjqzPsK7dAhUBv7wKHcf-AWMQFgiaATAX&usg=AOvVaw20PGFlBXFzrea8EusxlGQA
生物多様性評価地図一覧 - 生物多様性センター河川水辺の国勢調査ための生物リスト』は、「河川水辺の国勢調査」の調査結果の整理に際して、生物の和名・学名および配列などの統一を図る目的で作成されたものです。なお、「底生動物」、「動植物プランクトン」、「陸上昆虫類等」については、分類群の解明 ...,http://www.biodic.go.jp/biodiversity/activity/policy/map/list.html&sa=U&ved=0ahUKEwiKjqzPsK7dAhUBv7wKHcf-AWMQFgifATAY&usg=AOvVaw1TmWGo0aJpuKp2RUHuAjTR
河川水辺の国勢調査 生物リスト - 河川環境データベースこのデータベースは，総合研究大学院大学 共同研究「生物形態資料画像データベースの構築」 （研究計画３年，1997-1999），および， 平成９年度科学技術振興調整費による 知的基盤整備推進制度採択課題 「生物系研究資材のデータベース化及びネットワーク ...,http://mizukoku.nilim.go.jp/ksnkankyo/mizukokuweb/system/seibutsuList.htm&sa=U&ved=0ahUKEwiKjqzPsK7dAhUBv7wKHcf-AWMQFgikATAZ&usg=AOvVaw3FxoIMD7XqzmTI-gEDYRoW
原生生物図鑑メニュー基礎生物学研究所の研究部門・施設一覧. ... Home; ＞ 研究部門・施設; ＞ 研究教育職員一覧. 研究部門・施設. 研究部門・施設一覧 · 研究教育職員一覧. 研究教育職員一覧. 名前をクリックすると所属の研究室についての詳細ページをご覧いただけます。 あ行.,http://protist.i.hosei.ac.jp/taxonomy/menu.html&sa=U&ved=0ahUKEwiKjqzPsK7dAhUBv7wKHcf-AWMQFgiqATAa&usg=AOvVaw17zkiACMjkwV5NzqCZo_2A
基礎生物学研究所 研究教育職員一覧統合深海掘削計画(IODP)では海底下微生物圏の全貌解明を科学計画の柱としている。しかしながら、海底下に存在する微生物のバイオマスに関してすらほとんど知らていない状況であった。シュガープログラムではODP史上初めて行われた「海底下微生物圏 ...,http://www.nibb.ac.jp/sections/member.html&sa=U&ved=0ahUKEwiKjqzPsK7dAhUBv7wKHcf-AWMQFgiwATAb&usg=AOvVaw3UbSEDYP5F5ak_eTlr0cXd
過去の成果一覧＜深海・地殻内生物圏研究分野＜JAMSTECDIVING CENTER LOG / 生物一覧 ＴＯＰ. 越前海岸はダイビングのメッカ。福井県越前町のダイビングセンターログでは青い空、透き通った海、日本海を染める夕日、そんな風景を満喫して頂きながら安全第一、お客様のために心のこもったサービスをモットーに ...,https://www.jamstec.go.jp/sugar/j/achievements/2006_2/index.html&sa=U&ved=0ahUKEwiKjqzPsK7dAhUBv7wKHcf-AWMQFgi2ATAc&usg=AOvVaw2GitneLglcQFzEv0sqLqos
越前海岸／生物一覧／ダイビングセンターログ沖縄美ら海水族館（おきなわちゅらうみすいぞくかん）は、沖縄本島北西部の本部半島備瀬崎近くにある海洋博公園内の水族館。「チュらうみ」とは沖縄弁で「清[きよ]ら（しい）海」という意味。,http://www.divingcenter-log.co.jp/seibutsu.html&sa=U&ved=0ahUKEwiKjqzPsK7dAhUBv7wKHcf-AWMQFgi7ATAd&usg=AOvVaw0OTd70WpbQsomxLfzSKrK3
美ら海生き物図鑑 - 沖縄美ら海水族館河川の一覧、由来、河川や生物の写真など. 河川位置図 · 50音河川等一覧 · 砂防事業・海岸事業について(国土交通省北海道開発局室蘭開発建設部のホームページへのリンク) · 河川雑学 · 河川の写真 · 河川の利用について(苫小牧川) · 各河川の紹介.,https://churaumi.okinawa/fishbook/&sa=U&ved=0ahUKEwiKjqzPsK7dAhUBv7wKHcf-AWMQFgjAATAe&usg=AOvVaw2dYtxszn1FkK7xoxAqWkM9
河川の一覧、由来、河川や生物の写真など／北海道苫小牧市デジタル図鑑で生物を見る. 先生〜、川でいっぱい生物がとれたよ〜。でも名前がよくわかんないや。 名前を知りたくなったら、デジタル図鑑。一覧の中で似たような生物の『アルバムを見る』で名前を確認しよう。下に、水質（すいしつ）で、生物を分類（ぶんるい）して ...,http://www.city.tomakomai.hokkaido.jp/shizen/koen/kasenichiran/&sa=U&ved=0ahUKEwiKjqzPsK7dAhUBv7wKHcf-AWMQFgjGATAf&usg=AOvVaw0hU7asNnvTzJ0vQdVJuq66
【水生生物図鑑（すいせいせいぶつずかん）】トップ＜デジタル図鑑クラゲや貝、イカ、カニなど、水にすむ無脊椎動物約930種を掲載。撮り下ろしの美しい標本写真と生態写真が充実。,http://www.digital-dictionary.net/underwater/underwater.html&sa=U&ved=0ahUKEwiKjqzPsK7dAhUBv7wKHcf-AWMQFgjLATAg&usg=AOvVaw2rdZgC9JlhymDMupR3HcHt
水の生物 | 小学館の図鑑NEOシリーズ | 小学館生物学の一覧 - 日本史・世界史、古文書、ノンフィクション、文芸、自然科学などを中心とした書籍を刊行する専門書出版社。,https://www.shogakukan.co.jp/pr/neo/series/09217207.php&sa=U&ved=0ahUKEwiKjqzPsK7dAhUBv7wKHcf-AWMQFgjRATAh&usg=AOvVaw0N8g4Abx-Q4OxKC2kXPD8y
生物学の一覧 - 柏書房株式会社�A アノリス・アングスティケプス. �B ナイトアノール. �B ガーマンアノール. �B ミドリオオガシラ. �B イヌバオオガシラ. �B マングローブヘビ. �B ボウシオオガシラ. �B プレーンズヒキガエル. �B キンイロヒキガエル. �B アカボシヒキガエル. �B オークヒキガエル.,http://www.kashiwashobo.co.jp/search/g8849.html&sa=U&ved=0ahUKEwiKjqzPsK7dAhUBv7wKHcf-AWMQFgjWATAi&usg=AOvVaw2-Q0b14wUU-ogIq1cm3afZ
特定外来生物一覧よく見るページ一覧; 問い合わせ窓口 .... 厚生労働大臣が指定する生物由来製品及び特定生物由来製品 ... 一 医薬品医療機器法第二条第十項に規定する生物由来製品は、同条第一項から第四項までに規定する医薬品、医薬部外品、化粧品又は医療機器の ...,https://www.pref.aichi.jp/kankyo/sizen-ka/shizen/gairai/gairailist.pdf&sa=U&ved=0ahUKEwiKjqzPsK7dAhUBv7wKHcf-AWMQFgjcATAj&usg=AOvVaw0B8uXm4SnJIhgTk6ENPAuB
"生物由来製品 | 独立行政法人 医薬品医療機器総合機構 - Pmda2017年10月14日 ... 教科書中ゴシック体などで重要であると指定される用語も増え続け、現行の主要教科書出版社が出版する高等学校教科書「生物」では、延べ2,000を超える数の用語が選ばれている。これは、理科の他の教科に比べて膨大に多い数字であり、 ...",https://www.pmda.go.jp/relief-services/infections/0032.html&sa=U&ved=0ahUKEwiKjqzPsK7dAhUBv7wKHcf-AWMQFgjhATAk&usg=AOvVaw2NkM6YZ0MzHcKkBo3ZtGko
高校生物の重要語句512語のリスト | 日本の科学と技術2017年11月7日 ... アンコウ バリオニクス バシロサウルス クニダリア ダンクルオステウス ディプロカウルス デンキウナギ ヘスペロルニス イクチオサウルス カプロスクス リードシクティス リオプレウロドン マンタ メガピラニア メガロドン モササウルス カワウソ ...,http://scienceandtechnology.jp/archives/14945&sa=U&ved=0ahUKEwiKjqzPsK7dAhUBv7wKHcf-AWMQFgjnATAl&usg=AOvVaw0KEV5rYBES0M_GXUokIERK
【ARK Survival Evolved】恐竜一覧 水棲・洞窟生物・ボス part2 - coco ...「CT生物図鑑」は、様々な生物を産業用CTでデータ化し、ウェブサイト上で360度動かすことができるほか、内部構造を捉えた断面画像等を公開しております。,http://www.coco001.site/entry/2017/11/07/%25E3%2580%2590ARK_Survival_Evolved%25E3%2580%2591%25E6%2581%2590%25E7%25AB%259C%25E4%25B8%2580%25E8%25A6%25A7_%25E6%25B0%25B4%25E6%25A3%25B2%25E3%2583%25BB%25E6%25B4%259E%25E7%25AA%259F%25E7%2594%259F%25E7%2589%25A9%25E3%2583%25BB%25E3%2583%259C%25E3%2582%25B9_part2&sa=U&ved=0ahUKEwiKjqzPsK7dAhUBv7wKHcf-AWMQFgjtATAm&usg=AOvVaw0naS4xMUSX-AgmYWZ-joRy
CT生物図鑑 JMC伝説の生物一覧（でんせつのせいぶついちらん）は、神話や伝説などで、伝承される主だった生物、種族、精霊などを一括表記するページである。,https://www.jmc-ct.jp/topics/ctseibutsu/&sa=U&ved=0ahUKEwiKjqzPsK7dAhUBv7wKHcf-AWMQFgjzATAn&usg=AOvVaw2UfdlesvuKeg1Zfruv65Bt
伝説の生物一覧 - Wikiwand2018年8月24日 ... ホーム > 生物工学会誌 > 生物工学会誌 – 過去号掲載記事（記事種別）一覧 ... こちらでは生物工学会誌の掲載記事を記事種別にご覧いただけます（最新号より順次公開予定）。 ... 生物工学基礎講座−バイオよもやま話−』掲載記事（PDF).,http://www.wikiwand.com/ja/%25E4%25BC%259D%25E8%25AA%25AC%25E3%2581%25AE%25E7%2594%259F%25E7%2589%25A9%25E4%25B8%2580%25E8%25A6%25A7&sa=U&ved=0ahUKEwiKjqzPsK7dAhUBv7wKHcf-AWMQFgj4ATAo&usg=AOvVaw3WNdYo8ak5O7M4bfAcqrLL
生物工学会誌 – 過去号掲載記事（記事種別）一覧 | 公益社団法人 日本 ...キングクラブオーストラリア南部のみで生息し、オスは10kg以上になり、甲羅の大きさが世界一といわれています。高級食材として取り扱われています。 2018.08.31更新. ヌタウナギ刺激を受けると、大量の粘液（＝ヌタ）を出します。粘液は粘り気が強く、他の生物 ...,https://www.sbj.or.jp/sbj/sbj_archive.html&sa=U&ved=0ahUKEwiKjqzPsK7dAhUBv7wKHcf-AWMQFgj9ATAp&usg=AOvVaw2jFJnY2_Yhm0BjqtLzBLEu
生物図鑑 深海生物 :: 沼津港深海水族館2017年10月27日 ... 海の浮遊生物250種類以上を掲載した世界初の写真図鑑。クラゲ、クシクラゲ、浮遊性巻貝、巻貝の幼生、イカとタコ、エビ、カニ、クラゲノミ、仔魚と稚魚、放散虫、有孔虫、ユレモなど、浮遊生活を送る多様で多彩な生物を高精細な美しい生態 ...,http://www.numazu-deepsea.com/dsfish1&sa=U&ved=0ahUKEwiKjqzPsK7dAhUBv7wKHcf-AWMQFgiDAjAq&usg=AOvVaw3NDM1e3MXlu6G4PV-Hbbmo
"美しい海の浮遊生物図鑑 - 文一総合出版分類, 製品名, 規格・単位, 販売業者, 生物由来成分名, 添加物等. 1, 生, アシアロシンチ注, 10MBq, 日本メジフィジックス（株）, ガラクトシル人血清アルブミンジエチルトリアミン五酢酸テクネチウム(99mTc). 2, 生, ラングシンチTc-99m注, 10MBq, 日本メジ ...",https://www.bun-ichi.co.jp/tabid/57/pdid/978-4-8299-7221-2/Default.aspx&sa=U&ved=0ahUKEwiKjqzPsK7dAhUBv7wKHcf-AWMQFgiJAjAr&usg=AOvVaw0P5PogGVpzqkfycJJuZIuY
特定生物由来製品・生物由来製品指定成分一覧（案）生物図鑑. 図鑑一覧へ戻る. 海; 山; 空; その他. ソラスズメダイ. 体調5〜6ｃｍ。尾びれの後緑が少し湾入する。タイドプールにも入る。観賞魚店コバルトスズメの名で売られている。 チョウチョウウオ. 体長２０ｃｍ内外。南方系のチョウチョウウオ類中もっとも温帯に ...,https://www.mhlw.go.jp/shingi/2003/01/s0110-4c.html&sa=U&ved=0ahUKEwiKjqzPsK7dAhUBv7wKHcf-AWMQFgiPAjAs&usg=AOvVaw3czR_4jlVV6i-Oija1rLjF
生物図鑑-自然の家図鑑｜独立行政法人 国立青少年教育振興機構 国立 ...「環境・農業・生物」のジャンルでは、環境保護や農業、動物や生物に関する資格・検定をご紹介しています。「ペットも家族の一員」という社会の意識の高まりに伴い、1兆円を超えるペット市場。市場の拡大とともにペット関連の資格が注目されています。一方で、 ...,http://muroto.niye.go.jp/book/book_animal.html&sa=U&ved=0ahUKEwiKjqzPsK7dAhUBv7wKHcf-AWMQFgiUAjAt&usg=AOvVaw2Z7mrwvZCxgxJksNkWIva_
環境・農業・生物検定一覧 | 日本の資格・検定2018年1月25日 ... C. elegans はモデル生物として都合のいい特徴をいくつも持っています．C. elegans には僅かに雄が存在しますが，多くが雌雄同体です．雌雄同体は精子と卵子の両方を作り，自家受精を行えます．また，雌雄同体は雄と有性生殖もできます ...,https://jpsk.jp/examination/genre/ecology.html&sa=U&ved=0ahUKEwiKjqzPsK7dAhUBv7wKHcf-AWMQFgiZAjAu&usg=AOvVaw2yWTJ32wY4Hqlr9bZAuBlU
動物 - 実験！モデル生物図鑑 - Cute.Guides at 九州大学 Kyushu ...データ内容の説明. 各生物種についての基本情報を収集し、整備した一覧です。 基本的な説明や、DNAマーカー、QTL、関連するデータベース集とゲノム解析手法についての情報が、一覧の中にまとめられています。 info データファイル. データファイル名:.,https://guides.lib.kyushu-u.ac.jp/c.php%3Fg%3D774940%26p%3D5558965&sa=U&ved=0ahUKEwiKjqzPsK7dAhUBv7wKHcf-AWMQFgieAjAv&usg=AOvVaw0JSCfgpYn3E5v-vs-HldPn
登録生物種リスト - 生命科学系データベースアーカイブ農学・水産学・生物が学べる専門学校一覧。マイナビ進学は大学・短期大学(短大)・専門学校の情報を紹介し、資料請求できる進学情報サイトです。学校情報のほか、学校見学会・オープンキャンパスや入試・出願情報も数多く掲載しています。マイナビ進学は ...,https://dbarchive.biosciencedbc.jp/jp/pgdbj-dna-marker-linkage-map/data-1.html&sa=U&ved=0ahUKEwiKjqzPsK7dAhUBv7wKHcf-AWMQFgikAjAw&usg=AOvVaw0RFkoc-K0-FRXWNYfazJsK
"農学・水産学・生物が学べる専門学校一覧｜マイナビ進学研究助成対象者一覧. ＜氏名・所属機関 50音順＞. □第1回（2011年） 審査経過・結果報告. ○植木 紀子 Bielefeld University, Germany; ○大澤志津江 神戸大学大学院医学研究科細胞生物学G-COE; ○久原 篤 甲南大学理工学部生物学科; ○佐野 浩子 ...",https://shingaku.mynavi.jp/zenkoku/search/dt/%3Fctd1%3D2%26sc%3D13&sa=U&ved=0ahUKEwiKjqzPsK7dAhUBv7wKHcf-AWMQFgipAjAx&usg=AOvVaw0hDbwECAEHcY7FWaOIj9_9
研究助成対象者一覧 - 日本分子生物学会フロアマップ. フロアマップ · 団体受付カウンター. 北館. 北館 · 北館 3F · 北館 2F. 南館. 南館 · 南館 3F · 南館 2F · 南館 1F · Home · フロアマップ; 北館. 海の生き物図鑑一覧｜検索画面. 2018/09/09. 海の生き物図鑑｜検索画面. 海の生き物図鑑一覧｜検索 ...,https://www.mbsj.jp/admins/tomizawafund/recipients.html&sa=U&ved=0ahUKEwiKjqzPsK7dAhUBv7wKHcf-AWMQFgiuAjAy&usg=AOvVaw3xzfn13AAsNL0XPwtSqJIn
海の生き物図鑑一覧｜検索画面 - 名古屋港水族館Yahoo!ニュースに掲載された生物学に関する記事を、過去にさかのぼって閲覧可能。重要なニュースを記録する日本最大級のアーカイブです。,http://www.nagoyaaqua.jp/ill_book_search/&sa=U&ved=0ahUKEwiKjqzPsK7dAhUBv7wKHcf-AWMQFgizAjAz&usg=AOvVaw1HobM-5gXfcTtFBjgdCHVi
生物学に関連するアーカイブ一覧 - Yahoo!ニュース魔法界の生物（動物、存在、霊魂）の一覧。 目次[表示] 動物一覧 存在一覧 霊魂一覧 名前 英名 魔法省分類 備考 アクロマンチュラ Acromantula XXXXX アッシュワインダー Ashwinder XXX オーグリー Augurey XX バジリスク Basilisk XXXXX ビリーウィグ ...,https://news.yahoo.co.jp/pickup/6291210&sa=U&ved=0ahUKEwiKjqzPsK7dAhUBv7wKHcf-AWMQFgi5AjA0&usg=AOvVaw1Uta4cffw_CTw6fkzwlvrP
生物一覧 | Harry Potter Wiki | FANDOM powered by Wikia環境生物一覧. 新大陸には様々な環境生物が存在します。 環境生物は罠として利用できるほか、捕獲ネットで捕まえてマイハウスに放つことができます。 配置できる種類はマイハウスのグレードによって異なります。 マイハウスについてはこちら. すべて,http://ja.harrypotter.wikia.com/wiki/%25E7%2594%259F%25E7%2589%25A9%25E4%25B8%2580%25E8%25A6%25A7&sa=U&ved=0ahUKEwiKjqzPsK7dAhUBv7wKHcf-AWMQFgi_AjA1&usg=AOvVaw2l5z4_XfJcvuP4YnbnPDoK
環境生物一覧 | モンハンワールド(MHW) 攻略の虎東北大学理学部生物学科の研究分野一覧の情報です。,http://monsterhunter.jp/world/sozai/kankyo.php&sa=U&ved=0ahUKEwiKjqzPsK7dAhUBv7wKHcf-AWMQFgjFAjA2&usg=AOvVaw2trcLcHsGJGVn4YWaE4EV-
東北大学理学部 生物学科｜研究分野一覧タカラバイオ株式会社はライフサイエンス研究用試薬・機器・ソフトウェア・受託サービスを提供しています。バイオテクノロジーに基づく各分野において、長年の実績と確かな技術力で皆様の研究をサポートします。,http://www.biology.tohoku.ac.jp/laboratory/&sa=U&ved=0ahUKEwiKjqzPsK7dAhUBv7wKHcf-AWMQFgjKAjA3&usg=AOvVaw3-55x7ZukK9IrHIBeE5yYS
遺伝子組換え生物該当製品一覧｜タカラバイオ株式会社 遺伝子工学研究【本選書の特徴】 1）本選書は大学前期学年を含めた理・農・医・薬系に学ぶ学生諸君をその主な対象としております． 2）将来，より程度の高い書物の内容および事象を理解考察するための基礎的役割を果たすことを目的として編まれたものであります． 3）本選書 ...,http://catalog.takara-bio.co.jp/product/cartagena_list.php&sa=U&ved=0ahUKEwiKjqzPsK7dAhUBv7wKHcf-AWMQFgjQAjA4&usg=AOvVaw10NHf1lMCKF156hYcKS0NI
【裳華房】 【生物学】「基礎生物学選書」 一覧JANコード ： 4971910179239 品番 ： MTEX1P70. 海洋生物図鑑をテープにデザイン。 遊び心にあふれ、様々なシーンで印象に残るmtです。 テープサイズ[30mm×10m]. 同じシリーズの商品. mt ex. タイポグラフィーやだまし絵風、図鑑や写真などマスキング ...,https://www.shokabo.co.jp/series/710_kisoseibutsu.html&sa=U&ved=0ahUKEwiKjqzPsK7dAhUBv7wKHcf-AWMQFgjVAjA5&usg=AOvVaw2SU0fLKb65FQYSN3Mo5CEY
mt ex 図鑑・海洋生物 - マスキングテープ「mt」生物［図鑑・読み物・ペット］ 詳細一覧へ · オオカミと野生のイヌ · 猫の心と通じ合う技術 · ホタルの不思議な世界 · 猫の世界史 · 猫の精神生活がわかる本 · わらういきもの · 世界で一番美しいサルの図鑑 · 日本の猫宿 · 世界で一番美しい馬の図鑑 · 世界の原色の ...,https://shop.masking-tape.jp/products/detail.php%3Fproduct_id%3D35915&sa=U&ved=0ahUKEwiKjqzPsK7dAhUBv7wKHcf-AWMQFgjaAjA6&usg=AOvVaw0sXjWHbTQaO8pX04dN950G
X-Knowledge - 書籍検索 - 生物［図鑑・読み物・ペット］アカゲザルがニホンザルの交雑個体. 3. アライグマ. 4. キョン. 5. マスクラット. 6. カオジロガビチョウ. 7. カオグロガビチョウ. 8. カナダガン. 9. ガビチョウ. 10. ソウシチョウ. 11. カミツキガメ. 12. ハナガメ. 13. 両生類. ウシガエル. 14. チャネルキャット. 15. オオタナゴ.,http://xknowledge-books.jp/ipscs-book/BooksApp%3Fact%3Dlist%26category%3D2%26mode%3D1%26key%3D60&sa=U&ved=0ahUKEwiKjqzPsK7dAhUBv7wKHcf-AWMQFgjfAjA7&usg=AOvVaw0PXOCG9pvdFApQJBFV-HIX
千葉県内で確認記録のある特定外来生物一覧 (平成29年7月1日現在 ...2018年2月21日 ... モンハンワールド（MHW）の環境生物一覧と捕獲用ネット（虫あみ）についてまとめています。捕獲用ネットの使い方のほか、カセキカンスやフワフワクイナの出現フィールドなど参考にしてください。,https://www.city.matsudo.chiba.jp/kurashi/kankyou/shizenkankyo/mokugekijyouhou.files/kennaitokutegairaiseibutsu.pdf&sa=U&ved=0ahUKEwiKjqzPsK7dAhUBv7wKHcf-AWMQFgjkAjA8&usg=AOvVaw2TMorVoZUgbUsiXGYr3yl1
【モンハンワールド】環境生物一覧と捕獲用ネットの使い方【MHW ...TOP > 学問分野別特集 > 生物・自然科学系のオススメ大学院一覧. 生物・自然科学系のオススメ大学院一覧. 北海道・東北. 秋田大学大学院 理工学研究科「理」の強化による地方創生、国際社会でのイノベーション実現のための人材育成 · 福島大学大学院 ...,https://mhw.gamerch.com/%25E6%258D%2595%25E7%258D%25B2%25E7%2594%25A8%25E3%2583%258D%25E3%2583%2583%25E3%2583%2588%25E3%2581%25AE%25E4%25BD%25BF%25E3%2581%2584%25E6%2596%25B9%25E3%2581%25A8%25E6%258D%2595%25E7%258D%25B2%25E3%2581%25A7%25E3%2581%258D%25E3%2582%258B%25E3%2582%2582%25E3%2581%25AE%25E4%25B8%2580%25E8%25A6%25A7&sa=U&ved=0ahUKEwiKjqzPsK7dAhUBv7wKHcf-AWMQFgjpAjA9&usg=AOvVaw2nGdSblrQYiCW14HmeVuiP
"生物・自然科学系のオススメ大学院一覧 | 大学院へ行こう! 大学院進学 ...お知らせ一覧 ... 2018.06.07 イベント・セミナー, 第30回 高遠・分子細胞生物学シンポジウム -細胞生物学の再構成-. 日時：2018年08月23日（木）〜24日（金） 会場：高遠さくらホテル（長野県伊那市）. 2017.11.30 お知らせ, キーパーソン・インタビュー「先端診断 ...",http://www.daigakuin.ne.jp/gakumon/seibutsu/&sa=U&ved=0ahUKEwiKjqzPsK7dAhUBv7wKHcf-AWMQFgjvAjA-&usg=AOvVaw3sfRn-XRbGdI8rA1SX_qxb
お知らせ一覧 | 会社案内 | 医学生物学研究所 MBLピクミンシリーズの原生生物一覧がイラスト付きでわかる！ ピクミンシリーズの原生生物一覧（ピクミンシリーズのげんせいせいぶついちらん）は任天堂の『ピクミン』シリーズに登場する、架空の生物の一覧である。 チャッピー系統 詳細についてはイヌムシ科を参照 ...,http://www.mbl.co.jp/company/info_list.html&sa=U&ved=0ahUKEwiKjqzPsK7dAhUBv7wKHcf-AWMQFgj1AjA_&usg=AOvVaw1cMig-6O2TFCgUgYuQ-Otj
ピクミンシリーズの原生生物一覧 (ぴくみんしりーずのげんせいせいぶつ ...ミスがなければチェック後にページ更新をするとページ内にある同じ名前の環境生物にチェックが入るようになっています。 猫飯の「ネコの探索日和」を付けてるとレア環境生物がでやすいとかでやすくないとかいう噂があります。,https://dic.pixiv.net/a/%25E3%2583%2594%25E3%2582%25AF%25E3%2583%259F%25E3%2583%25B3%25E3%2582%25B7%25E3%2583%25AA%25E3%2583%25BC%25E3%2582%25BA%25E3%2581%25AE%25E5%258E%259F%25E7%2594%259F%25E7%2594%259F%25E7%2589%25A9%25E4%25B8%2580%25E8%25A6%25A7&sa=U&ved=0ahUKEwiKjqzPsK7dAhUBv7wKHcf-AWMQFgj6AjBA&usg=AOvVaw0zAGpE-Fcbe7XROPD8t4ov
目指せ環境生物コンプリート！自動保存のチェックボックス付き | なりたん ...学術団体（学会、研究会、医師会、薬剤師会）等の基本情報を掲載しています。,https://naritan.jp/games/mhw/kannkyoseibutsu/&sa=U&ved=0ahUKEwiKjqzPsK7dAhUBv7wKHcf-AWMQFgiAAzBB&usg=AOvVaw3axrFzuUhjsoXb19eQfjVN
UMIN学会情報−専門分野別一覧(生物学)2015年5月29日 ... グリフォンは鷲の頭に獅子の体を持つ合成獣（キメラ）の一種である。全長は約４ｍ。非常に力があり、牛や馬をその巨大な鍵爪で数頭まとめて持ち運ぶ事ができる。獅子の体を持ちながらも卵生であり、鳥のように卵を産み、雛を育てる。,http://www.umin.ac.jp/ac/senmon/seibutsugaku.htm&sa=U&ved=0ahUKEwiKjqzPsK7dAhUBv7wKHcf-AWMQFgiFAzBC&usg=AOvVaw07GPQfKRXz--ehmEd0sZJv
幻想生物図鑑 - NAVER まとめＱＰＯＮ家の回りにいる昆虫１５０種、野鳥４０種を集めました。「動く蝶の図鑑」「動く野鳥図鑑」は好評です。,https://matome.naver.jp/odai/2134570833860890501&sa=U&ved=0ahUKEwiKjqzPsK7dAhUBv7wKHcf-AWMQFgiKAzBD&usg=AOvVaw3EIk038az0PxcG007PxSTJ
"QPONの身近な生物・昆虫図鑑 - BIGLOBE生物名, 古, 大, 陸, 瘴, 龍, 入手アイテム, 主な生息地/備考 ... コメント一覧. 匿名さん より: 見落としならすみません水中の生き物に (カセキカンス)というのがいます自分が発見したのは竜結晶の地東キャンプの池（川？）",http://www2a.biglobe.ne.jp/~qpon/musi/&sa=U&ved=0ahUKEwiKjqzPsK7dAhUBv7wKHcf-AWMQFgiRAzBE&usg=AOvVaw3R4UA6utqUqeC0e_E88-qa
MHW/モンハンワールドに生息する環境生物の出現場所と出現条件の ...理化学研究所・播磨研究所 放射光科学総合研究センター SPring-8キャンパス全体の運営とSPring-8を拠点とした放射光研究を総合的に推進。,http://mh-world.net/animal-all.html&sa=U&ved=0ahUKEwiKjqzPsK7dAhUBv7wKHcf-AWMQFgiXAzBF&usg=AOvVaw2j3tyGAUCqI1suycoKk-mu
研究業績一覧(構造生物学) - 独立行政法人 理化学研究所 播磨事業所 ...悪性新生物の疾患一覧の疾病一覧です。小児慢性特定疾病情報センターは、慢性疾患をお持ちのお子さまやそのご家族、またそれらの患者の治療をされる医療従事者、支援をする教育・保健関係の皆さまに向けた情報を提供します。,http://rsc.riken.jp/biology/index.html&sa=U&ved=0ahUKEwiKjqzPsK7dAhUBv7wKHcf-AWMQFgicAzBG&usg=AOvVaw2_NTltc_wgEMJmFCI9Qtoj
悪性新生物の疾患一覧の疾患一覧 - 小児慢性特定疾病情報センター2018年1月31日 ... 【1月31日 AFPBB News】（画像追加）「トゲだらけの吸血鬼」のような恐竜から、「シザーハンズ似」の生き物まで、古代の陸や海に生きたさまざまな生物を紹介。,https://www.shouman.jp/disease/search/group/list/01/%25E6%2582%25AA%25E6%2580%25A7%25E6%2596%25B0%25E7%2594%259F%25E7%2589%25A9&sa=U&ved=0ahUKEwiKjqzPsK7dAhUBv7wKHcf-AWMQFgihAzBH&usg=AOvVaw0F-ljzYiOmuoKLPOuVq9P5
【特集】古代生物図鑑〜太古に生きた奇妙な動物たち 写真46枚 国際 ...2018年7月3日 ... インプレスグループで山岳・自然分野のメディア事業を手がける株式会社山と溪谷社（所在地：東京都千代田区、代表取締役社長：川崎深雪）は、生物図鑑読み放題サイト「図鑑.jp」に「昆虫コース」「その他動物コース」を新設し、既存の「植物」「 ...,http://www.afpbb.com/articles/-/3002031&sa=U&ved=0ahUKEwiKjqzPsK7dAhUBv7wKHcf-AWMQFgimAzBI&usg=AOvVaw2szGXqx8OPkRMgTWMMmhLb
生物専門図鑑の読み放題サイト「図鑑.jp」、昆虫コース・その他動物 ...2018年4月13日 ... このような、環境に大きな影響を与える侵略的な外来生物の取り扱いを制限し、被害を防止することを目的として、外来生物法が公布され、特定外来生物を ... 種別等の詳細は、本ページ下部にある、環境省の特定外来生物一覧をご覧ください。,http://www.yamakei.co.jp/news/release/20180703.html&sa=U&ved=0ahUKEwiKjqzPsK7dAhUBv7wKHcf-AWMQFgitAzBJ&usg=AOvVaw3SNNpxq_ldYN8qipoqr-v9
"小田原市 | 特定外来生物また、生体高分子、特にタンパク質の重水素化技術の高度化並びに重水素化タンパク質を利用したダイナミクス解析技術の開発を行う。そのため、タンパク質培養の経験を重視する。 従事者, 生物化学計測・分析. F7, 微生物等と放射性核種の相互影響機構の ...",http://www.city.odawara.kanagawa.jp/field/envi/pollution/tokuteigairai.html&sa=U&ved=0ahUKEwiKjqzPsK7dAhUBv7wKHcf-AWMQFgizAzBK&usg=AOvVaw31kSpXJ5HduyE5QOf5tyrY
専門分野別テーマ一覧【生物】｜平成30年度 日本原子力研究開発機構 ...ここから本文です。 更新日：2014年5月22日. 生物名一覧（和名は行）. ハス（PDF：119KB） · ハゼラン（PDF：97KB） · ハッカ（PDF：209KB） · ハトムギ（PDF：219KB） · ハナキリン（PDF：581KB） · ハマウド（PDF：629KB） · ハマゴウ（PDF：707KB）,https://www.jaea.go.jp/saiyou/employment/626/c/05.html&sa=U&ved=0ahUKEwiKjqzPsK7dAhUBv7wKHcf-AWMQFgi5AzBL&usg=AOvVaw1FnRq4GAliWbiutuqInd__
生物名一覧（和名は行）／沖縄県J-STAGEトップ; /; 化学と生物; /; 巻号一覧. 検索. 巻、号、ページもしくは巻、ページを入力してください。 検索条件と一致する記事が ..... 真核生物におけるリボソームの品質管理と分解機構. 北畠 真. 2017 年 55 巻 8 号 p. 532-537 発行日: 2017/07/20 公開日: ...,http://www.pref.okinawa.jp/site/shoko/kogyo/yakusou_sozai_ha.html&sa=U&ved=0ahUKEwiKjqzPsK7dAhUBv7wKHcf-AWMQFgi-AzBM&usg=AOvVaw0oVjPKJ0XDKfu1t-ZYkcQU
"化学と生物 - J-Stage天狗,てんぐ,日本,伝説,生物,一覧」を使った英語表現・例文・フレーズ「天狗（てんぐ）は、日本の伝説の生物一覧。」英語表現例文・フレーズ検索｜Cheer up! English.",https://www.jstage.jst.go.jp/browse/kagakutoseibutsu/list/-char/ja&sa=U&ved=0ahUKEwiKjqzPsK7dAhUBv7wKHcf-AWMQFgjDAzBN&usg=AOvVaw2wtx7bXHHN73S_0GEgqFtC
"「天狗,てんぐ,日本,伝説,生物,一覧」を使った英語表現・例文・フレーズ ...１．クロマチンの高次構造と細胞分化の関係についてヘテロクロマチンはヌクレオソーム構造が高度に凝縮した高次構造体であり、細胞分化に伴ってその凝縮形態が変化するので、細胞分化に伴う遺伝子発現調節と密接に関係していると考えられており、ヘテロ ...",http://english.cheerup.jp/corpus/search%3Fname%3D%25E5%25A4%25A9%25E7%258B%2597%2B%25E3%2581%25A6%25E3%2582%2593%25E3%2581%2590%2B%25E6%2597%25A5%25E6%259C%25AC%2B%25E4%25BC%259D%25E8%25AA%25AC%2B%25E7%2594%259F%25E7%2589%25A9%2B%25E4%25B8%2580%25E8%25A6%25A7&sa=U&ved=0ahUKEwiKjqzPsK7dAhUBv7wKHcf-AWMQFgjFAzBO&usg=AOvVaw1cHliOwE_R0aqozLkvvDpc
環境生物学 | 医歯学研究支援センター | 分野一覧 | 国立大学法人 東京 ...神戸大学大学院理学研究科・理学部は数学、物理学、化学、生物学、惑星学の5つの専攻・学科から構成され、教員と学生が密に ... スタッフ一覧（2018年度） ... その他」は、理学研究科生物学専攻に所属する非常勤スタッフ（研究員、技術補佐員、事務補佐員）,http://www.tmd.ac.jp/dept/rcmd/ric/index.html&sa=U&ved=0ahUKEwiKjqzPsK7dAhUBv7wKHcf-AWMQFgjKAzBP&usg=AOvVaw2Nb7HVa0kYkyY6To1X-VA2
スタッフ一覧｜生物学科・生物学専攻このシートの表示は「図一覧形式」 ・・ ＜2018 生物学・講義資料：スライド集・図一覧：Set １＞ ＊＊ 時には気ままに生物演習：モヤモヤの解消」だよ ＊＊ 意味不明/戸惑いがあれば気軽に質問OK。状況に応じて回答/返信します。 e-mail： ...,http://www.sci.kobe-u.ac.jp/bio/staff.htm&sa=U&ved=0ahUKEwiKjqzPsK7dAhUBv7wKHcf-AWMQFgjPAzBQ&usg=AOvVaw1o_9fxcHCYNGIoH2CYwM_F
生物学演習、生物基礎 体内構造 - 東京海洋大学教育・研究組織一覧. 2014年度、統合によって誕生した新しい生物科学専攻は、旧生物化学専攻と旧生物科学専攻の伝統を引き継ぎ、ミクロな分子レベルの共通基盤から生物多様性を重視したマクロな生物科学まで広い分野をカバーしています。また、統合を ...,http://www2.kaiyodai.ac.jp/~hasobe/2018%2520Cell%2520Biol%2520Set/Set%25201/Set1-Gallery.html&sa=U&ved=0ahUKEwiKjqzPsK7dAhUBv7wKHcf-AWMQFgjVAzBR&usg=AOvVaw2-N46VLqXHZyTckEJiwgOG
教育・研究組織一覧 | 東京大学大学院理学系研究科 生物科学専攻光合成システムに限らず、生物は自己組織的な手法で、さまざまな機能を有するユニットをナノサイズレベルで有機的に配置・連結させ、人工システムが模倣できない優れたシステムを創造しています。これらは、ナノレベルの空間の中で実現された多機能多相系 ...,http://www.bs.s.u-tokyo.ac.jp/department/major_1/&sa=U&ved=0ahUKEwiKjqzPsK7dAhUBv7wKHcf-AWMQFgjaAzBS&usg=AOvVaw3sh3FUUP-0RFknrM_BcOum
生物機能システム科学専攻 | 研究室・教員一覧 | 国立大学法人 東京 ...製品一覧から検索をして頂けます。免疫生物研究所は、がん・炎症・脳神経疾患を中心とした抗体炸裂や定量系の研究・開発・製造を行う研究開発型企業です。難病に対する新診断の確立、遺伝子病モデル動物の開発、機能抗体の開発など、さらなる新規医療 ...,http://www.tuat.ac.jp/base/staff/biofs.html&sa=U&ved=0ahUKEwiKjqzPsK7dAhUBv7wKHcf-AWMQFgjgAzBT&usg=AOvVaw1UXRExRGjh5hZbacetbkWA
製品一覧から探す｜株式会社免疫生物研究所一口に未確認生物といってもその種類は非常に多いです。ここでは未確認生物を一覧にしています。,http://www.ibl-japan.co.jp/search/product/%3Ftopics_group_id%3D3%26topics_ext_options_search%3D1%26search_ext_col_02%5B%5D%3Dresearch03&sa=U&ved=0ahUKEwiKjqzPsK7dAhUBv7wKHcf-AWMQFgjmAzBU&usg=AOvVaw2vt5c_bmaTkyorgM9nNqO6
こんなにいるのか未確認生物！不思議で奇妙な謎の動物20特定外来生物等一覧（外部サイトへリンク）. ※ アリゲーターガーを含むガー科全種及びガー科の交雑種やクビアカツヤカミキリ等16種類が、新たに特定外来生物に指定されます. 平成29年11月21日、「特定外来生物による生態系等に係る被害の防止に関する ...,http://www.gibe-on.info/entry/unidentified-organisms/&sa=U&ved=0ahUKEwiKjqzPsK7dAhUBv7wKHcf-AWMQFgjrAzBV&usg=AOvVaw1WHR_OL9XdjQN11JzGLc8P
ひょうごの環境 :: 外来生物ヘッダ. フォトコンテスト · テーマ生物一覧 · 写真のとり方 · 募集要項 · 応募方法 · 注意事項など · 応募フォーム · 投稿フォーム · 応募作品; フォトコンテストチラシはこちらからダウンロードしてね。 フォトコンテスト. アンケート調査は下のバナーをクリックしてね。,http://www.kankyo.pref.hyogo.lg.jp/jp/environment/%25E7%2594%259F%25E7%2589%25A9%25E5%25A4%259A%25E6%25A7%2598%25E6%2580%25A7/%25E5%25A4%2596%25E6%259D%25A5%25E7%2594%259F%25E7%2589%25A9/&sa=U&ved=0ahUKEwiKjqzPsK7dAhUBv7wKHcf-AWMQFgjxAzBW&usg=AOvVaw0r8hAkfMJxQZmyLNfCrA4x
フォトコンテスト 対象生物一覧2018年5月3日 ... 各恐竜・生物の一覧です。 一覧の名称はゲーム内表記を参照しています(未実装については不明)。 ※公式の実装・実装予定の恐竜・生物の一覧です。ここに書かれていない物は基本的にMODなどによって追加されたものです。 ※情報提供の ...,https://www.okinawa-ikimono.com/2018/photocon-theme.html&sa=U&ved=0ahUKEwiKjqzPsK7dAhUBv7wKHcf-AWMQFgj2AzBX&usg=AOvVaw37o_r4G1Mbjf7ti4bIPluq
恐竜・生物 - ARK_Survival_Evolved Wiki* - WIKIWIKI.jpここでは展示中の深海生物はもちろんのこと、採集した様々な深海生物を写真と共に紹介します。 深海生物図鑑 生物一覧 .... 本種は鹿児島県野間岬沖に沈んだクジラの骨から発見されたが、近縁種はクジラの骨のみならず魚など他の生物の骨からも見つかっ ...,https://wikiwiki.jp/arkse/%25E6%2581%2590%25E7%25AB%259C&sa=U&ved=0ahUKEwiKjqzPsK7dAhUBv7wKHcf-AWMQFgj7AzBY&usg=AOvVaw0AjU8w65FIM0CeRJb2_xfx
特別企画展特設ページ（深海生物図鑑） | いおワールドかごしま水族館深海生物の長期飼育に挑戦 深海�T〜JAMSTECとの · 幻想的な癒し空間 クラゲファンタジーホール · 北の冷たい海から美しいサンゴ礁の ... カワウソ〜木漏れ日のオアシス〜 · えのすいECO・わたしたちの未来 環境水槽. ページトップへ. 新着生物 · 一覧 · RSS.,http://ioworld.jp/shinkai_zukan&sa=U&ved=0ahUKEwiKjqzPsK7dAhUBv7wKHcf-AWMQFgiBBDBZ&usg=AOvVaw3EaAkyiaZ6ULseJnKoHPB4
展示 | 新江ノ島水族館リウマチ生物学的製剤（エンブレル・レミケード・ヒュミラ・アクテムラ・オレンシア・シンポニーなど）の投与例は累積2722名、投与継続中970名以上（＝2018年4月調べ）。東京リウマチクリニックで使用している生物学的製剤（リウマチ注射治療薬）をご紹介します。,http://www.enosui.com/exhibition_index.php&sa=U&ved=0ahUKEwiKjqzPsK7dAhUBv7wKHcf-AWMQFgiHBDBa&usg=AOvVaw1cTMXo5wJyghAHROpDYB17
リウマチ治療で使用する生物学的製剤一覧｜東京リウマチクリニック島根大学生物資源科学部環境共生科学科についてのサイトです。学科の概要が ... 教員一覧. 教員組織は4つの分野に分かれており、各教員は、いずれかの分野に所属しています。下記のメニューボタンをクリックすると、所属教員の一覧がご覧になれます。,http://www.jseikei.com/ra-seibutsugakutekiseizai.html&sa=U&ved=0ahUKEwiKjqzPsK7dAhUBv7wKHcf-AWMQFgiNBDBb&usg=AOvVaw3-4ac-m4GmGGLyV9DecjQm
教員一覧（環境生物学分野） - 島根大学 生物資源科学部 環境共生科学科石油資化酵母の二形性変換（酵母⇔菌糸） 同一生物あるいは個体が２つの異なる形態をとることを一般に二形性 (dimorphism)と呼びます。菌類には生育環境により単細胞性の酵母型と多細胞性の菌糸型との増殖形態をとるものが知られ、この異なる形態を ...,http://www.ess.shimane-u.ac.jp/staff/pg162.html&sa=U&ved=0ahUKEwiKjqzPsK7dAhUBv7wKHcf-AWMQFgiTBDBc&usg=AOvVaw3yxyt3Rh88rGIdiUH6eTsg
教員一覧｜奈良女子大学 生物科学コース・生物科学専攻2018年2月26日 ... Plant Species Biology 論文賞 歴代受賞者一覧. 第1回受賞者（2007年） 永光輝義氏・Lena K. Ward氏. 第2回受賞者（2008年） 鈴木和雄氏・Jennifer M. Ramp Neale氏. 第3回受賞者（2009年） 岡本朋子氏. 第4回受賞者（2010年） 久保田 ...,http://www.nara-wu.ac.jp/bio/staff.html&sa=U&ved=0ahUKEwiKjqzPsK7dAhUBv7wKHcf-AWMQFgiYBDBd&usg=AOvVaw3sPNAN9Re-ZP8TSks4vEIx
Plant Species Biology 論文賞 歴代受賞者一覧 - 種生物学会 - The ...ワシントン条約附属書（対象種リスト）のページです。野生生物取引やワシントン条約についての情報を提供。トラフィック イーストアジア ジャパンは、野生生物の取引をモニタリングする世界最大のNGOです。,http://www.speciesbiology.org/folder/PSB-awd.html&sa=U&ved=0ahUKEwiKjqzPsK7dAhUBv7wKHcf-AWMQFgieBDBe&usg=AOvVaw0xTsV2eW1_pGdsIrAPF6SH
ワシントン条約附属書（対象種リスト） | ワシントン条約情報と野生生物 ...清潔で快適な住まいは、幸せな生活の基礎であり大切な財産です。その大切な住まいに、密かに潜む小さくて危険な存在が害虫です。もし、害虫の兆候を発見したら、早急に専門知識と豊富な経験を持つ弊社にご相談ください。,http://www.trafficj.org/aboutcites/summary.html&sa=U&ved=0ahUKEwiKjqzPsK7dAhUBv7wKHcf-AWMQFgikBDBf&usg=AOvVaw3JLyoUo_sPHGNGXaMTo6VS
防除対象生物一覧 | モリ環境衛生センター株式会社尿外観. 尿一般定性. 尿比重：1.005〜1.030. 尿ｐＨ：5.0〜8.0. 尿蛋白定量：〜20 mg/dL. 尿蛋白半定量：(-)、(+-). 尿ブドウ糖定量：〜50 mg/dL. 尿ブドウ糖半定量：(-)、(+-). 尿ウロビリ定量：〜3 mg/dL. 尿ウロビリ半定量：(+-)、(+). 尿ビリルビン定量：カンドイカ ...,http://morikan.jp/boujyo-list&sa=U&ved=0ahUKEwiKjqzPsK7dAhUBv7wKHcf-AWMQFgiqBDBg&usg=AOvVaw3u2SVC2ZZN7jg2JZrI5MmQ
生物学的基準範囲および 臨床判断値一覧2018年4月22日 ... 黄金郷の環境生物は・カッパーカラッパ・ゴールドカラッパ・キンパクカブトガニ・ジュンキンカブトガニ・コンジキウロコウモリ・ツチノコを確認しています。 金カニはなかなか出ないので見つけたら即ゲットです！,http://www.med.osaka-u.ac.jp/pub/hp-lab/rinkenhome/pdf/shiryo/kijunchi.pdf&sa=U&ved=0ahUKEwiKjqzPsK7dAhUBv7wKHcf-AWMQFgiwBDBh&usg=AOvVaw31hKbcabXtSGvoPrqBnA9F
モンハンワールド黄金郷の環境生物一覧 - 東京一人暮らしの小言や ...Minecraftの世界に存在する生物。 プレイヤーに敵対し襲いかかってくるMobとそうでないMobがいる。また、中立的なMobはプレイヤーが攻撃すると敵対する。 敵モンスター、イカ、コウモリ、敵対状態のオオカミ、懐き状態でないヤマネコは128m以上離れると ...,http://www.sirokuma.xyz/entry/2018/04/22/091727&sa=U&ved=0ahUKEwiKjqzPsK7dAhUBv7wKHcf-AWMQFgi2BDBi&usg=AOvVaw3tnG0Qidt3dStcZAt3Ls8f
生物 - Minecraft Japan Wiki - アットウィキ相模湾以南、世界の温帯〜熱帯. いつも口を半開きにしているので恐ろしげな歯が目立つが性質はおとなしいサメ。「ワニ」というのはサメの古い呼び方である。餌は魚類やイカなどを食べる。当園では、週3回の給餌の際に毎回食べるわけでなく、時に1カ月くらい ...,https://www26.atwiki.jp/minecraft/pages/1072.html&sa=U&ved=0ahUKEwiKjqzPsK7dAhUBv7wKHcf-AWMQFgi5BDBj&usg=AOvVaw1Y2B2IzLBEAFNAVEAztyQT
スマスイ生物図鑑 アラカルト - 神戸市立須磨海浜水族園ジャンル記事一覧. 【動画】リカオンvs ... に残っていた。絶滅した生物のDNAが現生生物から発見された例は、人類以外の生物では初と… ... 注目のテーマ特集. 絶滅から動物を守る撮影プロジェクト; 日本のエクスプローラー; 90億人の食; 壁紙ギャラリー. 一覧へ.,http://sumasui.jp/zukan/zukan02.html&sa=U&ved=0ahUKEwiKjqzPsK7dAhUBv7wKHcf-AWMQFgi_BDBk&usg=AOvVaw2KwLGFZ5NyvrW3M2cXpcPT
動物・植物・昆虫の記事一覧 | ナショナルジオグラフィック日本版サイト三重大学 生物資源学部・大学院生物資源学研究科のホームページ.,https://natgeo.nikkeibp.co.jp/nng/genre_life.shtml&sa=U&ved=0ahUKEwiKjqzPsK7dAhUBv7wKHcf-AWMQFgjEBDBl&usg=AOvVaw0Pi0xtRSnQrz_phFbQy61a
三重大学 生物資源学部・大学院生物資源学研究科 | 教員一覧（平成30 ...2018年4月19日 ... 【GameWith】モンスターハンターワールド(モンハンワールド/MHW)の環境生物の出現場所一覧です。レアな環境生物やマイハウスとの関連性もまとめているので、モンハンワールドの環境生物については、この記事をご覧ください。,http://www.bio.mie-u.ac.jp/academics/faculty/&sa=U&ved=0ahUKEwiKjqzPsK7dAhUBv7wKHcf-AWMQFgjKBDBm&usg=AOvVaw2QueiFEGjNOAtkrbGWKV1G
